{
  "MALE" : {
    "25" : [ "Ralph" ],
    "26" : [ "Ronnie", "Trinidad" ],
    "29" : [ "Bradley", "Mckinley" ],
    "30" : [ "Carmelo", "Denny" ],
    "31" : [ "Alberto", "Courtney", "Eliseo", "Isidro", "Tracy", "Werner", "Zachary" ],
    "33" : [ "Eugenio" ],
    "34" : [ "Sergio", "Vernon" ],
    "35" : [ "Leif", "Nickolas", "Tom" ],
    "36" : [ "Colby", "Rashad" ],
    "37" : [ "Sid", "Tyrone" ],
    "38" : [ "Lacy" ],
    "39" : [ "Pablo" ],
    "40" : [ "Clement", "Kermit", "Mel" ],
    "41" : [ "Dane", "Oswaldo" ],
    "42" : [ "Rolando", "Santo" ],
    "43" : [ "Gil", "Jarrett", "Sammie", "Sanford" ],
    "44" : [ "Marquis", "Moses" ],
    "45" : [ "Carrol", "Darell", "Enoch" ],
    "46" : [ "Lamont", "Norberto", "Ty", "Wesley" ],
    "47" : [ "King", "Mitchel" ],
    "48" : [ "Issac", "Leif" ],
    "49" : [ "Chung", "Nick" ],
    "50" : [ "Emanuel", "Fred" ],
    "51" : [ "Rigoberto" ],
    "52" : [ "Lorenzo" ],
    "55" : [ "Chas", "Jeromy" ],
    "56" : [ "Dewayne", "Oren", "Randy", "Zane" ],
    "57" : [ "Pierre", "Quintin", "Virgilio" ],
    "58" : [ "Modesto", "Rayford" ],
    "60" : [ "Elliot" ]
  },
  "FEMALE" : {
    "25" : [ "Anneliese" ],
    "26" : [ "Alease" ],
    "28" : [ "Elda", "Fiona", "Ola" ],
    "29" : [ "Elza", "Refugia" ],
    "30" : [ "Pat" ],
    "32" : [ "Ettie", "Hermina" ],
    "34" : [ "Chante", "Mirta", "Thersa" ],
    "35" : [ "Chung", "Kerri" ],
    "39" : [ "Loris" ],
    "40" : [ "Marlen" ],
    "44" : [ "Luci" ],
    "45" : [ "Darlene", "Gloria" ],
    "46" : [ "Barb", "Charissa", "Lynne" ],
    "47" : [ "Asuncion", "Vernie" ],
    "48" : [ "Estefana", "Merlyn", "Olympia" ],
    "49" : [ "Rosia", "Yu" ],
    "50" : [ "Ileen", "Shavon", "Thea" ],
    "51" : [ "Kristal", "Sharan" ],
    "52" : [ "Debbra", "Jessenia" ],
    "53" : [ "Allyson", "Corine", "Karina", "Pura", "Yulanda" ],
    "54" : [ "Hilma", "Ivelisse" ],
    "55" : [ "Cecille", "Marilee", "Mitchell" ],
    "56" : [ "Leila" ],
    "58" : [ "Fidelia", "Florinda" ],
    "59" : [ "Marinda" ],
    "60" : [ "Makeda" ]
  }
}